Data;Categoria;Valor
21/11/2023;Nao_Categorizado;-85,18
21/11/2023;Nao_Categorizado;-78,00
21/11/2023;IGREJA;-944,00
21/11/2023;LUZ;-118,03
21/11/2023;Nao_Categorizado;-140,48
21/11/2023;Nao_Categorizado;-5,00
21/11/2023;Nao_Categorizado;-61,80
21/11/2023;Nao_Categorizado;-22,00
21/11/2023;GASOLINA;-68,39
21/11/2023;RESTAURANTE;-10,00
24/11/2023;GAS;-43,49
24/11/2023;Nao_Categorizado;-104,44
27/11/2023;TELEFONE;-63,00
27/11/2023;GASOLINA;-169,12
27/11/2023;IGREJA;-50,11
27/11/2023;Nao_Categorizado;-134,15
27/11/2023;GASOLINA;-169,12
27/11/2023;Nao_Categorizado;-79,40
27/11/2023;SHOPPING;-17,00
27/11/2023;Nao_Categorizado;-6,79
27/11/2023;Nao_Categorizado;-53,80
27/11/2023;TELEFONE;-120,00
27/11/2023;Nao_Categorizado;-72,83
27/11/2023;TELEFONE;-63,00
27/11/2023;MERCADO;-71,86
27/11/2023;TELEFONE;-63,00
28/11/2023;MERCADO;-109,65
29/11/2023;TRANSFERENCIAS;-250,00
29/11/2023;TRANSFERENCIAS;-250,00
30/11/2023;MERCADO;-36,73
04/12/2023;RESTAURANTE;-93,00
04/12/2023;BANCO;-7,47
04/12/2023;GASOLINA;-79,26
04/12/2023;Nao_Categorizado;-28,00
04/12/2023;TARIFA;-75,90
04/12/2023;RESTAURANTE;-26,00
04/12/2023;MERCADO;-44,44
04/12/2023;MERCADO;-99,40
04/12/2023;Nao_Categorizado;-61,80
04/12/2023;IGREJA;-472,00
05/12/2023;RESTAURANTE;-24,00
06/12/2023;GASOLINA;-16,99
07/12/2023;Nao_Categorizado;-42,46
07/12/2023;GAS;-38,93
07/12/2023;TELEFONE;-383,02
07/12/2023;MERCADO;-58,53
08/12/2023;FARMACIA;-26,40
11/12/2023;Nao_Categorizado;-37,90
11/12/2023;Nao_Categorizado;-50,00
11/12/2023;Nao_Categorizado;-22,43
11/12/2023;GASOLINA;-146,01
11/12/2023;RESTAURANTE;-79,40
11/12/2023;Nao_Categorizado;-83,30
11/12/2023;GASOLINA;-43,00
11/12/2023;MERCADO;-94,65
11/12/2023;Nao_Categorizado;-300,00
13/12/2023;SHOPPING;-59,90
13/12/2023;Nao_Categorizado;-140,60
13/12/2023;RESTAURANTE;-46,90
13/12/2023;Nao_Categorizado;-28,00
13/12/2023;Nao_Categorizado;-9,90
13/12/2023;GASOLINA;-55,65
13/12/2023;SAQUE;-120,00
14/12/2023;Nao_Categorizado;-51,62
15/12/2023;Nao_Categorizado;-52,95
18/12/2023;GASOLINA;-161,71
18/12/2023;RESTAURANTE;-33,00
18/12/2023;MERCADO;-249,25
18/12/2023;MERCADO;-257,96
18/12/2023;RESTAURANTE;-93,00
18/12/2023;RESTAURANTE;-33,00
18/12/2023;RESTAURANTE;-93,00
18/12/2023;MERCADO;-249,25
18/12/2023;GASOLINA;-161,71
19/12/2023;RESTAURANTE;-14,00
19/12/2023;Nao_Categorizado;-6,98
19/12/2023;RESTAURANTE;-14,00
20/12/2023;MERCADO;-475,38
20/12/2023;LUZ;-124,90
20/12/2023;MERCADO;-41,04
21/12/2023;Nao_Categorizado;-35,50
22/12/2023;MERCADO;-14,58
22/12/2023;MERCADO;-100,31
22/12/2023;MERCADO;-14,58
26/12/2023;TRANSFERENCIAS;-300,00
26/12/2023;GASOLINA;-55,70
26/12/2023;Nao_Categorizado;400,00
26/12/2023;HOTFRUIT;-178,83
26/12/2023;TELEFONE;-63,00
26/12/2023;TELEFONE;-63,00
26/12/2023;Nao_Categorizado;-12,00
26/12/2023;TELEFONE;-120,00
26/12/2023;TELEFONE;-63,00
26/12/2023;HOTFRUIT;-178,83
26/12/2023;TRANSFERENCIAS;-300,00
26/12/2023;GASOLINA;-55,70
26/12/2023;Nao_Categorizado;400,00
27/12/2023;MERCADO;-30,08
27/12/2023;Nao_Categorizado;-55,00
28/12/2023;PREFEITURA;-213,21
28/12/2023;Nao_Categorizado;-43,70
28/12/2023;Nao_Categorizado;-43,70
29/12/2023;RESTAURANTE;-46,90
29/12/2023;RESTAURANTE;-46,90
29/12/2023;ESTACIONAMENTO;-23,00
29/12/2023;ESTACIONAMENTO;-23,00
29/12/2023;MERCADO;-35,49
29/12/2023;Nao_Categorizado;-43,80
29/12/2023;MERCADO;-35,49
02/01/2024;SAQUE;-40,00
02/01/2024;BANCO;-7,47
02/01/2024;Nao_Categorizado;-28,00
02/01/2024;Nao_Categorizado;-159,00
02/01/2024;RESTAURANTE;-19,95
02/01/2024;BELEZA;-43,31
02/01/2024;Nao_Categorizado;-54,80
02/01/2024;SHOPPING;-365,50
02/01/2024;MERCADO;-62,12
02/01/2024;MERCADO;-66,93
02/01/2024;Nao_Categorizado;-17,00
02/01/2024;RESTAURANTE;-68,98
02/01/2024;RESTAURANTE;-68,98
02/01/2024;MERCADO;-62,12
02/01/2024;SHOPPING;-365,50
02/01/2024;Nao_Categorizado;-54,80
02/01/2024;BELEZA;-43,31
02/01/2024;Nao_Categorizado;-159,00
02/01/2024;RESTAURANTE;-19,95
02/01/2024;MERCADO;-66,93
02/01/2024;Nao_Categorizado;-28,00
02/01/2024;Nao_Categorizado;-17,00
03/01/2024;RESTAURANTE;-69,80
03/01/2024;RESTAURANTE;-69,80
03/01/2024;GASOLINA;-141,58
03/01/2024;MERCADO;-141,85
03/01/2024;TARIFA;-75,90
03/01/2024;MERCADO;-141,85
03/01/2024;GASOLINA;-141,58
05/01/2024;Nao_Categorizado;-16,00
05/01/2024;GAS;-39,26
05/01/2024;Nao_Categorizado;-16,00
08/01/2024;MERCADO;-37,63
08/01/2024;SHOPPING;-21,00
08/01/2024;RESTAURANTE;-18,95
08/01/2024;SHOPPING;-109,80
08/01/2024;Nao_Categorizado;-53,80
08/01/2024;Nao_Categorizado;-29,00
08/01/2024;SAQUE;-300,00
08/01/2024;MERCADO;-37,63
08/01/2024;MERCADO;-89,27
08/01/2024;SHOPPING;-21,00
08/01/2024;RESTAURANTE;-18,95
08/01/2024;SHOPPING;-109,80
08/01/2024;Nao_Categorizado;-53,80
08/01/2024;Nao_Categorizado;-29,00
08/01/2024;MERCADO;-89,27
09/01/2024;TRANSFERENCIAS;-100,00
09/01/2024;TELEFONE;-98,86
09/01/2024;TRANSFERENCIAS;-100,00
11/01/2024;Nao_Categorizado;-52,80
11/01/2024;ESTACIONAMENTO;-12,60
11/01/2024;ESTACIONAMENTO;-12,60
11/01/2024;Nao_Categorizado;-52,80
12/01/2024;MERCADO;-40,09
12/01/2024;TELEFONE;-390,68
12/01/2024;MERCADO;-40,09
12/01/2024;Nao_Categorizado;-34,82
12/01/2024;Nao_Categorizado;-34,82
15/01/2024;GASOLINA;-132,24
15/01/2024;MERCADO;-32,00
15/01/2024;IGREJA;-472,00
15/01/2024;RESTAURANTE;-97,57
15/01/2024;GASOLINA;-132,24
15/01/2024;IGREJA;-472,00
15/01/2024;RESTAURANTE;-97,57
15/01/2024;Nao_Categorizado;673,09
15/01/2024;MERCADO;-32,00
16/01/2024;Nao_Categorizado;-25,00
16/01/2024;GASOLINA;-74,89
16/01/2024;Nao_Categorizado;573,20
16/01/2024;Nao_Categorizado;-25,00
16/01/2024;GASOLINA;-74,89
17/01/2024;RESTAURANTE;-49,32
17/01/2024;RESTAURANTE;-49,32
17/01/2024;Nao_Categorizado;523,88
18/01/2024;Nao_Categorizado;508,88
18/01/2024;TELEFONE;-15,00
19/01/2024;Nao_Categorizado;-56,68
19/01/2024;Nao_Categorizado;-56,68
22/01/2024;MERCADO;-100,28
22/01/2024;GASOLINA;-131,85
22/01/2024;RESTAURANTE;-81,90
22/01/2024;Nao_Categorizado;-75,82
22/01/2024;Nao_Categorizado;-75,82
22/01/2024;MERCADO;-100,28
22/01/2024;GASOLINA;-131,85
22/01/2024;RESTAURANTE;-81,90
23/01/2024;RESTAURANTE;-69,68
23/01/2024;SHOPPING;-17,70
23/01/2024;RESTAURANTE;-69,68
23/01/2024;LUZ;-127,21
23/01/2024;SHOPPING;-17,70
23/01/2024;Nao_Categorizado;-92,46
26/01/2024;TELEFONE;-127,78
26/01/2024;GASOLINA;-64,79
26/01/2024;Nao_Categorizado;-47,34
26/01/2024;GASOLINA;-64,79
26/01/2024;Nao_Categorizado;-78,88
26/01/2024;Nao_Categorizado;-47,34
29/01/2024;PAPELARIA;-46,00
29/01/2024;MERCADO;-35,38
29/01/2024;RESTAURANTE;-60,50
29/01/2024;Nao_Categorizado;-61,80
29/01/2024;PREFEITURA;-209,17
29/01/2024;TRANSFERENCIAS;-270,00
29/01/2024;SAQUE;-800,00
29/01/2024;PAPELARIA;-46,00
29/01/2024;MERCADO;-35,38
29/01/2024;RESTAURANTE;-60,50
29/01/2024;Nao_Categorizado;-61,80
29/01/2024;TRANSFERENCIAS;-270,00
30/01/2024;AEROPORTO;-99,10
30/01/2024;Nao_Categorizado;-17,96
30/01/2024;Nao_Categorizado;-17,96
30/01/2024;AEROPORTO;-99,10
31/01/2024;Nao_Categorizado;-500,00
31/01/2024;Nao_Categorizado;-18,96
31/01/2024;Nao_Categorizado;-18,96
31/01/2024;Nao_Categorizado;-500,00
01/02/2024;Nao_Categorizado;-230,00
01/02/2024;Nao_Categorizado;-303,60
01/02/2024;Nao_Categorizado;-230,00
01/02/2024;Nao_Categorizado;-303,60
01/02/2024;Nao_Categorizado;-32,97
02/02/2024;TARIFA;-75,90
02/02/2024;BANCO;-7,47
02/02/2024;SAQUE;-300,00
05/02/2024;FARMACIA;-13,98
05/02/2024;MERCADO;-18,00
05/02/2024;Nao_Categorizado;-40,98
05/02/2024;SHOPPING;-19,00
05/02/2024;Nao_Categorizado;-19,00
05/02/2024;Nao_Categorizado;-14,00
05/02/2024;MERCADO;-32,08
05/02/2024;MERCADO;-18,00
05/02/2024;Nao_Categorizado;-14,00
05/02/2024;SHOPPING;-19,00
05/02/2024;Nao_Categorizado;-19,00
05/02/2024;HOTEL;-117,30
05/02/2024;Nao_Categorizado;-40,98
05/02/2024;FARMACIA;-13,98
05/02/2024;HOTEL;-117,30
05/02/2024;MERCADO;-32,08
06/02/2024;Nao_Categorizado;-40,75
06/02/2024;FARMACIA;-31,78
06/02/2024;RESTAURANTE;-56,00
06/02/2024;RESTAURANTE;-56,00
06/02/2024;FARMACIA;-31,78
06/02/2024;MERCADO;-29,78
06/02/2024;Nao_Categorizado;-40,75
06/02/2024;MERCADO;-29,78
07/02/2024;MECANICO;-30,00
07/02/2024;RESTAURANTE;-52,00
07/02/2024;Nao_Categorizado;-141,90
07/02/2024;MECANICO;-150,00
07/02/2024;MECANICO;-150,00
07/02/2024;RESTAURANTE;-52,00
07/02/2024;MECANICO;-30,00
07/02/2024;Nao_Categorizado;-141,90
08/02/2024;MERCADO;-84,89
08/02/2024;SAQUE;-350,00
08/02/2024;GASOLINA;-145,62
08/02/2024;RESTAURANTE;-11,90
08/02/2024;Nao_Categorizado;-149,27
08/02/2024;TELEFONE;-383,02
08/02/2024;RESTAURANTE;-11,90
08/02/2024;GASOLINA;-145,62
08/02/2024;MERCADO;-84,89
08/02/2024;TRANSFERENCIAS;-300,00
08/02/2024;GAS;-39,56
14/02/2024;RESTAURANTE;-61,00
14/02/2024;GASOLINA;-164,69
14/02/2024;HOTEL;-60,00
14/02/2024;MERCADO;-69,38
14/02/2024;RESTAURANTE;-77,80
14/02/2024;RESTAURANTE;-49,00
14/02/2024;IGREJA;-472,00
14/02/2024;MERCADO;-69,38
14/02/2024;MERCADO;-97,57
14/02/2024;RESTAURANTE;-61,00
14/02/2024;GASOLINA;-164,69
14/02/2024;Nao_Categorizado;-32,15
14/02/2024;RESTAURANTE;-77,80
14/02/2024;HOTEL;-60,00
14/02/2024;Nao_Categorizado;-32,15
01/07/2024;Nao_Categorizado;-209,21
01/07/2024;RESTAURANTE;-67,80
01/07/2024;GASOLINA;-39,77
01/07/2024;Nao_Categorizado;-48,46
01/07/2024;Nao_Categorizado;-54,80
01/07/2024;Nao_Categorizado;-8,00
02/07/2024;TELEFONE;-40,53
02/07/2024;BANCO;-7,76
02/07/2024;TARIFA;-79,00
02/07/2024;TRANSFERENCIAS;-200,00
04/07/2024;MERCADO;-115,33
08/07/2024;MECANICO;-80,00
08/07/2024;Nao_Categorizado;-120,00
08/07/2024;RESTAURANTE;-58,00
08/07/2024;IGREJA;-944,00
08/07/2024;Nao_Categorizado;-91,61
08/07/2024;MERCADO;-36,75
08/07/2024;Nao_Categorizado;-100,00
08/07/2024;Nao_Categorizado;-70,00
10/07/2024;RESTAURANTE;-36,00
10/07/2024;TELEFONE;-504,29
11/07/2024;MERCADO;-175,99
15/07/2024;RESTAURANTE;-67,80
15/07/2024;Nao_Categorizado;-77,62
15/07/2024;RESTAURANTE;-22,00
15/07/2024;Nao_Categorizado;-35,99
15/07/2024;Nao_Categorizado;-118,60
17/07/2024;MERCADO;-36,15
17/07/2024;Nao_Categorizado;-63,40
18/07/2024;RESTAURANTE;-22,00
22/07/2024;Nao_Categorizado;-101,69
22/07/2024;HOTFRUIT;-106,72
22/07/2024;ACOUGUE;-45,71
22/07/2024;MECANICO;-50,00
22/07/2024;MERCADO;-124,57
22/07/2024;Nao_Categorizado;-73,90
23/07/2024;TELEFONE;-126,86
24/07/2024;Nao_Categorizado;-77,66
24/07/2024;ACOUGUE;-48,87
25/07/2024;TELEFONE;-128,00
25/07/2024;TELEFONE;-63,00
25/07/2024;TELEFONE;-63,00
26/07/2024;TRANSFERENCIAS;-250,00
29/07/2024;Nao_Categorizado;-23,50
29/07/2024;Nao_Categorizado;-18,00
29/07/2024;GASOLINA;-116,95
29/07/2024;SAQUE;-500,00
29/07/2024;RESTAURANTE;-93,00
29/07/2024;MERCADO;-106,49
29/07/2024;Nao_Categorizado;-20,80
29/07/2024;MERCADO;-61,11
29/07/2024;RESTAURANTE;-93,17
01/08/2024;MERCADO;-35,51
01/08/2024;FARMACIA;-48,96
01/08/2024;Nao_Categorizado;-54,94
02/08/2024;TARIFA;-79,00
02/08/2024;BANCO;-7,76
02/08/2024;GASOLINA;-148,31
05/08/2024;OUTROS;-24,00
05/08/2024;ACOUGUE;-35,64
05/08/2024;PAPELARIA;-37,28
05/08/2024;HOTFRUIT;-106,65
05/08/2024;Nao_Categorizado;-70,55
05/08/2024;ESTACIONAMENTO;-24,00
05/08/2024;Nao_Categorizado;-86,04
05/08/2024;Nao_Categorizado;-54,80
06/08/2024;GASOLINA;-106,67
07/08/2024;RESTAURANTE;-31,00
07/08/2024;TELEFONE;-45,09
08/08/2024;Nao_Categorizado;-68,24
12/08/2024;RESTAURANTE;-28,00
12/08/2024;Nao_Categorizado;-148,62
12/08/2024;TELEFONE;-540,76
12/08/2024;GASOLINA;-67,49
13/08/2024;Nao_Categorizado;-30,02
14/08/2024;MERCADO;-78,53
19/08/2024;TELEFONE;-102,45
19/08/2024;Nao_Categorizado;-155,32
19/08/2024;RESTAURANTE;-73,00
19/08/2024;Nao_Categorizado;-48,04
19/08/2024;Nao_Categorizado;-54,80
19/08/2024;Nao_Categorizado;-15,00
19/08/2024;Nao_Categorizado;-20,00
19/08/2024;IGREJA;-472,00
19/08/2024;GASOLINA;-188,71
19/08/2024;Nao_Categorizado;-575,00
19/08/2024;MECANICO;-200,00
20/08/2024;MERCADO;-73,10
21/08/2024;Nao_Categorizado;-75,07
26/08/2024;RESTAURANTE;-98,00
26/08/2024;RESTAURANTE;-78,00
26/08/2024;GASOLINA;-219,25
26/08/2024;TELEFONE;-137,56
26/08/2024;TELEFONE;-70,00
26/08/2024;TELEFONE;-70,00
26/08/2024;TELEFONE;-128,00
26/08/2024;IGREJA;-20,00
26/08/2024;Nao_Categorizado;-114,43
27/08/2024;Nao_Categorizado;-78,50
27/08/2024;SAQUE;-90,00
27/08/2024;TRANSFERENCIAS;-250,00
27/08/2024;SAQUE;-90,00
28/08/2024;Nao_Categorizado;-5,00
29/08/2024;Nao_Categorizado;-5,00
30/08/2024;Nao_Categorizado;-90,87
02/09/2024;GASOLINA;-100,00
02/09/2024;BANCO;-7,76
02/09/2024;TELEFONE;-56,34
02/09/2024;Nao_Categorizado;-73,90
02/09/2024;IGREJA;-472,00
02/09/2024;ACOUGUE;-41,07
02/09/2024;HOTFRUIT;-73,84
03/09/2024;TARIFA;-79,00
03/09/2024;MERCADO;-73,25
04/09/2024;MERCADO;-28,85
05/09/2024;Nao_Categorizado;-50,00
06/09/2024;MERCADO;-42,82
09/09/2024;MERCADO;-729,94
09/09/2024;TELEFONE;-529,76
09/09/2024;RESTAURANTE;-73,90
09/09/2024;RESTAURANTE;-58,00
09/09/2024;GASOLINA;-100,00
10/09/2024;MERCADO;-10,30
10/09/2024;MERCADO;-28,85
12/09/2024;Nao_Categorizado;-91,09
13/09/2024;Nao_Categorizado;-7,10
16/09/2024;TELEFONE;-91,91
16/09/2024;ACOUGUE;-39,36
16/09/2024;Nao_Categorizado;-18,48
16/09/2024;PAPELARIA;-30,70
16/09/2024;GASOLINA;-100,00
16/09/2024;Nao_Categorizado;-13,50
19/09/2024;Nao_Categorizado;-50,00
19/09/2024;Nao_Categorizado;-91,97
20/09/2024;TELEFONE;-140,52
23/09/2024;Nao_Categorizado;-172,06
23/09/2024;Nao_Categorizado;-8,00
23/09/2024;Nao_Categorizado;-59,90
23/09/2024;Nao_Categorizado;-16,00
23/09/2024;Nao_Categorizado;-27,00
23/09/2024;Nao_Categorizado;-7,00
23/09/2024;FARMACIA;-200,00
23/09/2024;Nao_Categorizado;-34,00
24/09/2024;MERCADO;-12,88
24/09/2024;Nao_Categorizado;-12,90
25/09/2024;TELEFONE;-128,00
25/09/2024;TELEFONE;-70,00
25/09/2024;Nao_Categorizado;-6,20
25/09/2024;TELEFONE;-70,00
25/09/2024;MERCADO;-28,71
26/09/2024;Nao_Categorizado;-189,90
27/09/2024;ESTACIONAMENTO;-35,00
27/09/2024;Nao_Categorizado;-167,51
27/09/2024;MERCADO;-17,79
30/09/2024;ACOUGUE;-49,04
30/09/2024;TELEFONE;-59,26
30/09/2024;Nao_Categorizado;-76,23
30/09/2024;FARMACIA;-34,80
30/09/2024;MERCADO;-17,56
30/09/2024;FARMACIA;-532,18
30/09/2024;RESTAURANTE;-65,00
01/10/2024;Nao_Categorizado;-21,61
02/10/2024;BANCO;-7,76
02/10/2024;TARIFA;-79,00
02/10/2024;Nao_Categorizado;-20,00
02/10/2024;Nao_Categorizado;-4,50
02/10/2024;Nao_Categorizado;-6,00
03/10/2024;IMPRESORA;-230,00
04/10/2024;MERCADO;-62,16
04/10/2024;TRANSFERENCIAS;-250,00
04/10/2024;TELEFONE;-580,21
07/10/2024;SAQUE;-90,00
07/10/2024;Nao_Categorizado;-100,00
07/10/2024;SHOPPING;-23,01
07/10/2024;PAPELARIA;-12,10
07/10/2024;Nao_Categorizado;-73,28
07/10/2024;Nao_Categorizado;-38,90
07/10/2024;ACOUGUE;-40,80
07/10/2024;Nao_Categorizado;-61,03
07/10/2024;TELEFONE;-20,00
09/10/2024;Nao_Categorizado;-76,06
10/10/2024;MERCADO;-736,55
10/10/2024;Nao_Categorizado;-220,60
14/10/2024;MECANICO;-30,00
14/10/2024;Nao_Categorizado;-89,90
14/10/2024;Nao_Categorizado;-10,99
14/10/2024;Nao_Categorizado;-15,80
14/10/2024;TELEFONE;-129,00
14/10/2024;MERCADO;-47,33
14/10/2024;RESTAURANTE;-20,95
14/10/2024;Nao_Categorizado;-154,78
16/10/2024;FARMACIA;-16,28
16/10/2024;Nao_Categorizado;-55,80
16/10/2024;FARMACIA;-90,99
16/10/2024;FARMACIA;-208,66
16/10/2024;Nao_Categorizado;-16,00
16/10/2024;Nao_Categorizado;-49,30
18/10/2024;MERCADO;-16,07
21/10/2024;FARMACIA;-47,67
21/10/2024;Nao_Categorizado;-35,99
21/10/2024;Nao_Categorizado;-17,00
21/10/2024;Nao_Categorizado;-11,97
21/10/2024;Nao_Categorizado;-57,99
21/10/2024;MERCADO;-45,00
21/10/2024;Nao_Categorizado;-203,65
21/10/2024;Nao_Categorizado;-69,50
23/10/2024;TELEFONE;-144,92
23/10/2024;TELEFONE;-58,83
23/10/2024;TELEFONE;-128,00
23/10/2024;MERCADO;-39,69
23/10/2024;FARMACIA;-71,60
23/10/2024;TELEFONE;-58,83
24/10/2024;Nao_Categorizado;-17,00
28/10/2024;FARMACIA;-89,36
28/10/2024;FARMACIA;-29,99
28/10/2024;Nao_Categorizado;-44,88
28/10/2024;FARMACIA;-41,88
28/10/2024;Nao_Categorizado;-13,00
28/10/2024;RESTAURANTE;-99,00
28/10/2024;ACOUGUE;-68,09
28/10/2024;Nao_Categorizado;-107,70
30/10/2024;Nao_Categorizado;-86,00
01/11/2024;Nao_Categorizado;-10,00
01/11/2024;FARMACIA;-39,12
01/11/2024;Nao_Categorizado;-25,00
01/11/2024;ACOUGUE;-50,23
04/11/2024;Nao_Categorizado;-17,00
04/11/2024;INTERNET;-91,80
04/11/2024;Nao_Categorizado;-57,80
04/11/2024;RESTAURANTE;-46,90
04/11/2024;TELEFONE;-228,15
04/11/2024;Nao_Categorizado;-89,90
04/11/2024;FARMACIA;-71,23
04/11/2024;MERCADO;-113,44
04/11/2024;BANCO;-7,76
04/11/2024;Nao_Categorizado;-17,56
04/11/2024;Nao_Categorizado;-55,45
04/11/2024;TARIFA;-79,00
05/11/2024;HOTFRUIT;-35,19
07/11/2024;HOTFRUIT;-73,87
07/11/2024;FARMACIA;-15,90
07/11/2024;Nao_Categorizado;-167,04
08/11/2024;Nao_Categorizado;-227,00
08/11/2024;MERCADO;-27,08
11/11/2024;RESTAURANTE;-16,00
13/11/2024;HOTFRUIT;-75,90
13/11/2024;MERCADO;-53,45
13/11/2024;MERCADO;-33,34
18/11/2024;Nao_Categorizado;-41,96
18/11/2024;Nao_Categorizado;-91,11
18/11/2024;Nao_Categorizado;-99,93
18/11/2024;Nao_Categorizado;-54,95
18/11/2024;RESTAURANTE;-80,00
18/11/2024;Nao_Categorizado;-55,80
18/11/2024;Nao_Categorizado;-173,73
19/11/2024;MERCADO;-58,91
19/11/2024;HOTFRUIT;-59,65
21/11/2024;MERCADO;-48,77
21/11/2024;Nao_Categorizado;-36,17
22/11/2024;MERCADO;-41,68
22/11/2024;HOTFRUIT;-43,20
25/11/2024;RESTAURANTE;-42,00
25/11/2024;Nao_Categorizado;-57,80
26/11/2024;Nao_Categorizado;-37,55
27/11/2024;Nao_Categorizado;-28,00
27/11/2024;Nao_Categorizado;-182,01
28/11/2024;HOTFRUIT;-69,60
28/11/2024;MERCADO;-26,02
02/12/2024;BANCO;-7,76
03/12/2024;TARIFA;-79,00
09/12/2024;Nao_Categorizado;-18,00
09/12/2024;RESTAURANTE;-103,00
09/12/2024;Nao_Categorizado;-70,80
09/12/2024;IGREJA;-472,00
16/12/2024;Nao_Categorizado;-25,98
16/12/2024;SAQUE;-690,00
16/12/2024;Nao_Categorizado;-219,97
18/12/2024;MERCADO;-303,43
19/12/2024;Nao_Categorizado;-55,80
19/12/2024;MERCADO;-19,86
20/12/2024;TELEFONE;-130,12
20/12/2024;MERCADO;-515,44
23/12/2024;SAQUE;-400,00
23/12/2024;Nao_Categorizado;-194,20
23/12/2024;IGREJA;-20,00
23/12/2024;Nao_Categorizado;-68,97
23/12/2024;Nao_Categorizado;-17,00
24/12/2024;Nao_Categorizado;-35,32
30/12/2024;Nao_Categorizado;-56,61
02/01/2025;BANCO;-7,76
03/01/2025;TARIFA;-79,00
06/01/2025;IGREJA;-472,00
06/01/2025;IGREJA;-472,00
07/01/2025;IGREJA;-94,40
08/01/2025;PREFEITURA;-165,52
10/01/2025;SHOPPING;-39,90
10/01/2025;TELEFONE;-20,00
10/01/2025;Nao_Categorizado;-39,99
13/01/2025;Nao_Categorizado;-31,80
14/01/2025;SAQUE;-160,00
14/01/2025;FARMACIA;-12,70
14/01/2025;HOTFRUIT;-74,88
14/01/2025;IGREJA;-47,20
14/01/2025;MERCADO;-42,48
14/01/2025;SAQUE;-167,74
14/01/2025;ACOUGUE;-56,53
15/01/2025;Nao_Categorizado;-51,96
15/01/2025;Nao_Categorizado;-160,00
15/01/2025;TRANSFERENCIAS;-250,00
20/01/2025;Nao_Categorizado;-91,70
20/01/2025;TELEFONE;-67,65
20/01/2025;RESTAURANTE;-42,00
20/01/2025;RESTAURANTE;-99,00
20/01/2025;TELEFONE;-249,06
20/01/2025;IGREJA;-20,00
20/01/2025;MERCADO;-26,17
22/01/2025;ESTACIONAMENTO;-25,00
22/01/2025;SAQUE;-120,00
22/01/2025;MERCADO;-33,11
23/01/2025;MERCADO;-40,71
23/01/2025;Nao_Categorizado;-109,08
23/01/2025;FARMACIA;-25,18
23/01/2025;TELEFONE;-117,97
24/01/2025;Nao_Categorizado;-53,50
24/01/2025;ACOUGUE;-27,15
27/01/2025;IGREJA;-20,00
27/01/2025;MERCADO;-10,98
27/01/2025;PAPELARIA;-570,90
27/01/2025;RESTAURANTE;-61,27
03/02/2025;BANCO;-7,76
03/02/2025;TRANSFERENCIAS;-500,00
04/02/2025;TARIFA;-79,00
10/02/2025;RESTAURANTE;-114,00
10/02/2025;IGREJA;-472,00
14/02/2025;TRANSFERENCIAS;-300,00
14/02/2025;SAQUE;-120,00
17/02/2025;MERCADO;-47,05
17/02/2025;RESTAURANTE;-87,00
17/02/2025;IGREJA;-20,00
17/02/2025;MERCADO;-238,25
17/02/2025;RESTAURANTE;-47,90
17/02/2025;Nao_Categorizado;-58,80
19/02/2025;Nao_Categorizado;-9,99
19/02/2025;MERCADO;-49,03
24/02/2025;Nao_Categorizado;-100,00
24/02/2025;MERCADO;-38,52
25/02/2025;HOTFRUIT;-99,80
25/02/2025;Nao_Categorizado;-100,00
28/02/2025;HOTFRUIT;-31,24
28/02/2025;ACOUGUE;-81,12
05/03/2025;BANCO;-7,76
06/03/2025;TARIFA;-79,00
10/03/2025;TELEFONE;-145,02
10/03/2025;IGREJA;-472,00
11/03/2025;Nao_Categorizado;-20,00
12/03/2025;Nao_Categorizado;-50,00
12/03/2025;MERCADO;-19,99
14/03/2025;ACOUGUE;-41,91
14/03/2025;Nao_Categorizado;-12,00
14/03/2025;Nao_Categorizado;-71,98
14/03/2025;TRANSFERENCIAS;-350,00
14/03/2025;Nao_Categorizado;-8,90
14/03/2025;Nao_Categorizado;-4,50
17/03/2025;MECANICO;-300,00
17/03/2025;Nao_Categorizado;-330,00
17/03/2025;HOTFRUIT;-62,50
17/03/2025;IGREJA;-20,00
17/03/2025;FARMACIA;-57,22
17/03/2025;MERCADO;-61,37
17/03/2025;RESTAURANTE;-132,53
19/03/2025;MERCADO;-13,76
20/03/2025;Nao_Categorizado;-50,00
21/03/2025;TELEFONE;-126,90
21/03/2025;HOTFRUIT;-69,17
24/03/2025;HOTFRUIT;-43,76
24/03/2025;IGREJA;-20,00
24/03/2025;ACOUGUE;-47,59
24/03/2025;Nao_Categorizado;-15,00
24/03/2025;OUTROS;-24,00
26/03/2025;TELEFONE;-51,01
26/03/2025;TELEFONE;-130,59
26/03/2025;TELEFONE;-51,01
27/03/2025;SAQUE;-130,00
28/03/2025;TRANSFERENCIAS;-250,00
31/03/2025;Nao_Categorizado;-12,00
31/03/2025;Nao_Categorizado;-22,00
31/03/2025;TARIFA;-20,00
31/03/2025;RESTAURANTE;-83,50
31/03/2025;MERCADO;-54,98
31/03/2025;INTERNET;-14,55
31/03/2025;Nao_Categorizado;-11,50
31/03/2025;Nao_Categorizado;-101,05
31/03/2025;Nao_Categorizado;-17,60
31/03/2025;RESTAURANTE;-51,00
31/03/2025;PAPELARIA;-48,30
31/03/2025;Nao_Categorizado;-126,99
02/04/2025;TARIFA;-79,00
02/04/2025;BANCO;-7,76
02/04/2025;TRANSFERENCIAS;-297,00
03/04/2025;ACOUGUE;-69,91
07/04/2025;Nao_Categorizado;-70,13
07/04/2025;RESTAURANTE;-71,00
07/04/2025;TRANSFERENCIAS;-350,00
07/04/2025;HOTFRUIT;-48,30
07/04/2025;TELEFONE;-61,42
07/04/2025;TELEFONE;-529,76
08/04/2025;Nao_Categorizado;-56,49
09/04/2025;MERCADO;-21,90
09/04/2025;ACOUGUE;-79,66
14/04/2025;RESTAURANTE;-79,90
14/04/2025;MERCADO;-42,26
14/04/2025;TELEFONE;-20,00
14/04/2025;Nao_Categorizado;-16,50
14/04/2025;IGREJA;-472,00
14/04/2025;Nao_Categorizado;-5,20
15/04/2025;TRANSFERENCIAS;-333,98
16/04/2025;MERCADO;-61,75
22/04/2025;PAPELARIA;-35,10
22/04/2025;MERCADO;-44,03
22/04/2025;MERCADO;-98,98
22/04/2025;Nao_Categorizado;-57,19
23/04/2025;Nao_Categorizado;-29,00
23/04/2025;MERCADO;-16,99
24/04/2025;MERCADO;-33,40
25/04/2025;MERCADO;-816,05
28/04/2025;TELEFONE;-54,00
28/04/2025;IGREJA;-20,00
28/04/2025;TELEFONE;-135,00
28/04/2025;TRANSFERENCIAS;-300,00
28/04/2025;Nao_Categorizado;-142,87
28/04/2025;TELEFONE;-54,00
29/04/2025;MERCADO;-47,82
30/04/2025;MERCADO;-19,97
02/05/2025;BANCO;-7,76
02/05/2025;TRANSFERENCIAS;-270,00
02/05/2025;Nao_Categorizado;-45,00
05/05/2025;RESTAURANTE;-70,00
05/05/2025;OUTROS;-24,00
05/05/2025;HOTFRUIT;-16,30
05/05/2025;RESTAURANTE;-46,00
05/05/2025;TARIFA;-79,00
06/05/2025;MERCADO;-43,52
06/05/2025;SAQUE;-90,00
08/05/2025;CONDOMINIO;-529,76
08/05/2025;Nao_Categorizado;-60,71
09/05/2025;ACOUGUE;-72,20
12/05/2025;MERCADO;-47,54
12/05/2025;IGREJA;-472,00
12/05/2025;RESTAURANTE;-56,00
13/05/2025;TRANSFERENCIAS;-550,00
14/05/2025;ACOUGUE;-20,15
14/05/2025;MERCADO;-16,99
19/05/2025;RESTAURANTE;-52,00
19/05/2025;OUTROS;-126,37
19/05/2025;MERCADO;-53,01
19/05/2025;HOTFRUIT;-35,98
23/05/2025;MERCADO;-51,65
26/05/2025;TELEFONE;-158,71
26/05/2025;TELEFONE;-135,00
26/05/2025;TELEFONE;-54,00
26/05/2025;TELEFONE;-54,00
26/05/2025;Nao_Categorizado;-14,97
26/05/2025;RESTAURANTE;-67,00
26/05/2025;Nao_Categorizado;-143,32
27/05/2025;MERCADO;-28,75
29/05/2025;ACOUGUE;-52,08
29/05/2025;MERCADO;-29,73
02/06/2025;IGREJA;-472,00
02/06/2025;BANCO;-7,76
02/06/2025;TRANSFERENCIAS;-200,00
02/06/2025;MERCADO;-13,14
02/06/2025;RESTAURANTE;-104,00
02/06/2025;Nao_Categorizado;-106,79
02/06/2025;HOTFRUIT;-51,19
03/06/2025;TARIFA;-79,00
03/06/2025;TRANSFERENCIAS;-230,00
04/06/2025;MERCADO;-30,53
05/06/2025;MERCADO;-54,65
09/06/2025;RESTAURANTE;-88,00
09/06/2025;HOTFRUIT;-61,50
09/06/2025;Nao_Categorizado;-71,76
09/06/2025;CONDOMINIO;-529,76
09/06/2025;TELEFONE;-61,93
09/06/2025;IGREJA;-20,00
10/06/2025;MERCADO;-801,65
11/06/2025;FARMACIA;-24,75
13/06/2025;TRANSFERENCIAS;-350,00
16/06/2025;Nao_Categorizado;-33,62
16/06/2025;ACOUGUE;-84,88
17/06/2025;MERCADO;-5,43
17/06/2025;HOTFRUIT;-46,30
20/06/2025;FARMACIA;-29,85
20/06/2025;Nao_Categorizado;-50,00
20/06/2025;Nao_Categorizado;-6,99
20/06/2025;HOTFRUIT;-41,60
20/06/2025;ACOUGUE;-39,14
20/06/2025;Nao_Categorizado;-50,00
20/06/2025;MERCADO;-21,17
23/06/2025;TELEFONE;-54,00
23/06/2025;TELEFONE;-54,00
23/06/2025;TELEFONE;-135,00
23/06/2025;LUZ;-131,56
23/06/2025;IGREJA;-20,00
24/06/2025;MERCADO;-26,73
27/06/2025;Nao_Categorizado;-50,00
27/06/2025;MERCADO;-41,36
30/06/2025;HOTFRUIT;-60,20
30/06/2025;RESTAURANTE;-85,00
30/06/2025;Nao_Categorizado;-78,30
30/06/2025;MECANICO;-640,00
30/06/2025;MECANICO;-102,65
30/06/2025;RESTAURANTE;-47,00
30/06/2025;MECANICO;-50,00
30/06/2025;RESTAURANTE;-19,00
02/07/2025;TARIFA;-79,00
02/07/2025;ACOUGUE;-111,00
02/07/2025;BANCO;-8,15
02/07/2025;HOTFRUIT;-14,58
07/07/2025;HOTFRUIT;-74,36
07/07/2025;IGREJA;-472,00
07/07/2025;Nao_Categorizado;-88,00
07/07/2025;SEGURO;-219,54
07/07/2025;GAS;-56,56
07/07/2025;MERCADO;-27,92
08/07/2025;Nao_Categorizado;-30,00
10/07/2025;CONDOMINIO;-529,76
10/07/2025;MERCADO;-50,88
14/07/2025;RESTAURANTE;-76,90
14/07/2025;Nao_Categorizado;-68,48
14/07/2025;FARMACIA;-29,90
15/07/2025;TRANSFERENCIAS;-340,00
15/07/2025;MERCADO;-46,72
15/07/2025;Nao_Categorizado;-50,00
18/07/2025;Nao_Categorizado;-90,16
21/07/2025;MERCADO;-20,53
21/07/2025;Nao_Categorizado;-67,00
21/07/2025;RESTAURANTE;-104,00
21/07/2025;TELEFONE;-20,00
21/07/2025;TRANSFERENCIAS;-200,00
21/07/2025;Nao_Categorizado;-7,00
22/07/2025;MERCADO;-802,92
25/07/2025;Nao_Categorizado;-82,65
28/07/2025;ACOUGUE;-35,33
28/07/2025;TELEFONE;-54,00
28/07/2025;TELEFONE;-135,00
28/07/2025;TELEFONE;-54,00
28/07/2025;LUZ;-137,92
29/07/2025;Nao_Categorizado;-70,00
04/08/2025;RESTAURANTE;-65,00
04/08/2025;IGREJA;-472,00
04/08/2025;Nao_Categorizado;-56,34
04/08/2025;Nao_Categorizado;-75,00
04/08/2025;TARIFA;-79,00
04/08/2025;BANCO;-8,15
04/08/2025;Nao_Categorizado;-59,50
06/08/2025;CONDOMINIO;-529,76
06/08/2025;GAS;-97,84
07/08/2025;HOTFRUIT;-35,18
07/08/2025;ACOUGUE;-72,29
11/08/2025;MERCADO;-32,49
11/08/2025;Nao_Categorizado;-4,10
11/08/2025;HOTFRUIT;-43,98
11/08/2025;ACOUGUE;-81,50
11/08/2025;Nao_Categorizado;-41,27
